{"cameraMode":{"drawMode":0,"name":"Shaded","section":"Shading Mode"},"sceneLighting":false,"audioPlay":false,"sceneViewState":{"showFog":true,"showMaterialUpdate":false,"showSkybox":false,"showFlares":true,"showImageEffects":true,"showParticleSystems":true},"in2DMode":false,"pivot":{"x":0.8066384792327881,"y":1.021056890487671,"z":-0.28208231925964358},"rotation":{"x":0.3408018946647644,"y":0.4321765899658203,"z":-0.18068604171276093,"w":0.8151460289955139},"size":4.357243537902832,"orthographic":false}