{"cameraMode":{"drawMode":0,"name":"Shaded","section":"Shading Mode"},"sceneLighting":true,"audioPlay":false,"sceneViewState":{"showFog":true,"showMaterialUpdate":false,"showSkybox":true,"showFlares":true,"showImageEffects":true,"showParticleSystems":true},"in2DMode":false,"pivot":{"x":-4.975075721740723,"y":0.6227990388870239,"z":4.5160064697265629},"rotation":{"x":0.2873862385749817,"y":-0.07833486050367356,"z":0.02358255349099636,"w":0.9543333053588867},"size":4.404508590698242,"orthographic":false}