{"cameraMode":{"drawMode":0,"name":"Shaded","section":"Shading Mode"},"sceneLighting":false,"audioPlay":false,"sceneViewState":{"showFog":true,"showMaterialUpdate":false,"showSkybox":false,"showFlares":true,"showImageEffects":true,"showParticleSystems":true},"in2DMode":false,"pivot":{"x":-0.33541882038116457,"y":0.31800752878189089,"z":0.054367125034332278},"rotation":{"x":0.28205013275146487,"y":0.3934210538864136,"z":-0.12819573283195496,"w":0.8655844926834106},"size":0.8390352129936218,"orthographic":false}