{"cameraMode":{"drawMode":0,"name":"Shaded","section":"Shading Mode"},"sceneLighting":false,"audioPlay":false,"sceneViewState":{"showFog":true,"showMaterialUpdate":false,"showSkybox":false,"showFlares":true,"showImageEffects":true,"showParticleSystems":true},"in2DMode":false,"pivot":{"x":-0.3291759490966797,"y":0.8817662000656128,"z":0.0006272494792938232},"rotation":{"x":0.37948325276374819,"y":0.12433278560638428,"z":-0.05154362693428993,"w":0.9153739809989929},"size":1.8217355012893677,"orthographic":false}