{"cameraMode":{"drawMode":0,"name":"Shaded","section":"Shading Mode"},"sceneLighting":false,"audioPlay":false,"sceneViewState":{"showFog":true,"showMaterialUpdate":false,"showSkybox":false,"showFlares":true,"showImageEffects":true,"showParticleSystems":true},"in2DMode":false,"pivot":{"x":-0.13640213012695313,"y":-1.6078987121582032,"z":1.6405525207519532},"rotation":{"x":0.3164724111557007,"y":0.1839650571346283,"z":-0.06270443648099899,"w":0.9284799098968506},"size":57.82294464111328,"orthographic":true}