{"cameraMode":{"drawMode":0,"name":"Shaded","section":"Shading Mode"},"sceneLighting":false,"audioPlay":false,"sceneViewState":{"showFog":true,"showMaterialUpdate":false,"showSkybox":false,"showFlares":true,"showImageEffects":true,"showParticleSystems":true},"in2DMode":false,"pivot":{"x":-2.9802322387695315e-8,"y":0.003000000026077032,"z":-2.9802322387695315e-8},"rotation":{"x":0.37461164593696597,"y":0.009735134430229664,"z":-0.003933572676032782,"w":0.9271226525306702},"size":0.14142128825187684,"orthographic":false}